app_id,name
730,Counter-Strike 2
4704690,MECCHA CHAMELEON
381210,Dead by Daylight
2483190,Forza Horizon 6
1297900,Gothic 1 Remake
2694490,Path of Exile 2
578080,PUBG: BATTLEGROUNDS
281990,Stellaris
3513350,Wuthering Waves
3405690,EA SPORTS FC™ 26
230410,Warframe
1962700,Subnautica 2
394360,Hearts of Iron IV
3768760,007 First Light
1085660,Destiny 2
1118520,Paralives
236390,War Thunder
2958130,Jurassic World Evolution 3
252490,Rust
1172470,Apex Legends™
1462040,FINAL FANTASY VII REMAKE INTERGRADE
3892270,Gamble With Your Friends
3240220,Grand Theft Auto V Enhanced
1599340,Lost Ark
3105440,Heroes of Might and Magic: Olden Era
3041230,Windrose
359550,Tom Clancy's Rainbow Six Siege
1805110,Solarpunk™
2767030,Marvel Rivals
2050650,Resident Evil 4
518790,theHunter: Call of the Wild™
3059520,F1® 25
949230,Cities: Skylines II
3564740,Where Winds Meet
2001120,Split Fiction
3321460,Crimson Desert
39210,FINAL FANTASY XIV Online
2344520,Diablo® IV
227300,Euro Truck Simulator 2
3764200,Resident Evil Requiem
3276050,SpaceCraft
1808500,ARC Raiders
306130,The Elder Scrolls® Online
570,Dota 2
2300320,Farming Simulator 25
2357570,Overwatch®
2679100,Witchspire
1943950,Escape the Backrooms
1449850,Yu-Gi-Oh! Master Duel
1245620,ELDEN RING
1086940,Baldur's Gate 3
2221490,Tom Clancy’s The Division® 2
1903340,Clair Obscur: Expedition 33
2246340,Monster Hunter Wilds
594650,Hunt: Showdown 1896
1868140,DAVE THE DIVER
552990,World of Warships
2807960,Battlefield™ 6
1669000,Age of Wonders 4
553850,HELLDIVERS™ 2
3241660,R.E.P.O.
2537590,Microsoft Flight Simulator 2024
266410,iRacing
1476970,IdleOn
1151340,Fallout 76
2868840,Slay the Spire 2
1129580,Medieval Dynasty
4197610,Librarian: Tidy Up the Arcane Library!
582660,Black Desert
3164500,Schedule I
2215200,LEGO® Batman™: Legacy of the Dark Knight
2004680,Voidling Bound
3472040,NBA 2K26
2139460,Once Human
3844970,Burglin' Gnomes
2186990,Fatekeeper
1158310,Crusader Kings III
534380,Dying Light 2 Stay Human: Reloaded Edition
2399830,ARK: Survival Ascended
3337380,Tabletop Tavern
1466060,Tainted Grail: The Fall of Avalon
1284210,Guild Wars 2®
1659040,HITMAN World of Assassination
1286830,STAR WARS™: The Old Republic™
2909400,FINAL FANTASY VII REBIRTH
440900,Conan Exiles Enhanced
1401590,Disney Dreamlight Valley
1091500,Cyberpunk 2077
2399420,Le Mans Ultimate
1172620,Sea of Thieves: 2026 Edition
1222670,The Sims™ 4
2186680,"Warhammer 40,000: Rogue Trader"
2141910,Magic: The Gathering Arena
376210,The Isle
1407200,World of Tanks
457140,Oxygen Not Included
2185060,Two Point Museum
427520,Factorio
813780,Age of Empires II: Definitive Edition
1326470,Sons Of The Forest
3932890,Escape from Tarkov
1144200,Ready or Not
2592160,Dispatch
1623730,Palworld
270880,American Truck Simulator
3679080,The Seven Deadly Sins: Origin
438100,VRChat
1174180,Red Dead Redemption 2
1812450,Bellwright
2073620,Arena Breakout: Infinite
1466860,Age of Empires IV: Anniversary Edition
3672400,Farever
3357650,PRAGMATA
255710,Cities: Skylines
392160,X4: Foundations
962130,Grounded
2141730,Backrooms: Escape Together
3024040,Stronghold Crusader: Definitive Edition
3028330,Battlefield™ REDSEC
1142710,Total War: WARHAMMER III
294100,RimWorld
1190970,House Flipper 2
526870,Satisfactory
413150,Stardew Valley
1162750,Songs of Syx
284160,BeamNG.drive
1371980,No Rest for the Wicked
2426960,Summoners War
3124540,Far Far West
3751950,Assassin's Creed Black Flag Resynced
1284190,The Planet Crafter
4025700,Heartopia
3949040,RV There Yet?
1805320,Romestead
418370,Resident Evil 7 Biohazard
1364780,Street Fighter™ 6
1665460,eFootball™
529340,Victoria 3
2707930,Palia
431960,Wallpaper Engine
648800,Raft
2244210,Echoes of Aincrad
1289670,EA Play
1551360,Forza Horizon 5
3656800,Train Sim World® 6
1167630,Teardown
3412160,The House Always Wins
739630,Phasmophobia
2507950,Delta Force
3100310,Arms of God
440,Team Fortress 2
3274580,Anno 117: Pax Romana
1313140,Cult of the Lamb
2605790,Deep Rock Galactic: Rogue Core
3527290,PEAK
1203620,Enshrouded
4731620,Fortune Mill
2183900,"Warhammer 40,000: Space Marine 2"
2073850,THE FINALS
2668510,Red Dead Redemption
2515020,FINAL FANTASY XVI
4121170,Fears to Fathom® - Scratch Creek
1984270,Digimon Story Time Stranger
2661300,Grounded 2
1771300,Kingdom Come: Deliverance II
2327720,City Car Driving 2.0
4078200,Dwarf Eats Mountain
216150,MapleStory
2873660,Global Rescue
244210,Assetto Corsa
3070070,TCG Card Shop Simulator
3404260,Dead as Disco
1203220,NARAKA: BLADEPOINT
1361210,"Warhammer 40,000: Darktide"
1501750,Lords of the Fallen
766570,Russian Fishing 4
9900,Star Trek Online
2074920,The First Descendant
585420,Trailmakers
2681030,Outbound
1934680,Age of Mythology: Retold
686810,Hell Let Loose
489830,The Elder Scrolls V: Skyrim Special Edition
261550,Mount & Blade II: Bannerlord
380600,Fishing Planet
3400960,Oaken Tower
2429640,Throne and Liberty
444200,World of Tanks Blitz
264710,Subnautica
2213700,Sintopia
1874880,Arma Reforger
2622380,ELDEN RING NIGHTREIGN
2210520,COPA CITY
582010,Monster Hunter: World
1116050,Starminer
2456740,inZOI
1875580,Mina the Hollower
289070,Sid Meier’s Civilization® VI
250900,The Binding of Isaac: Rebirth
883710,Resident Evil 2
3265700,Vampire Crawlers: The Turbo Wildcard from Vampire Survivors
2948190,World of Sea Battle
1149460,ICARUS
1196590,Resident Evil Village
1973530,Limbus Company
4435490,Call of Duty®: Modern Warfare® 4
3065800,Marathon
431240,Golf With Your Friends
1716740,Starfield
3552140,Retro Rewind - Video Store Simulator
1442430,Storage Hunter Simulator
1938090,Call of Duty®
960090,Bloons TD 6
3678970,TBH: Task Bar Hero
1562430,DREDGE
2162800,shapez 2 - Factory
1250410,Microsoft Flight Simulator (2020) 40th Anniversary Edition
275850,No Man's Sky
1627720,Lies of P
1677280,Company of Heroes 3
3606480,Call of Duty®: Black Ops 7
2646460,Soulmask
108600,Project Zomboid
1465360,SnowRunner
220200,Kerbal Space Program
322330,Don't Starve Together
3164330,Infinity Nikki
1258080,Shop Titans
532790,Vampire: The Masquerade® - Bloodlines™ 2
1066890,Automobilista 2
1295660,Sid Meier's Civilization VII
3948120,Scritchy Scratchy
400750,Call to Arms - Gates of Hell: Ostfront
945360,Among Us
1672970,Minecraft Dungeons
1172710,Dune: Awakening
1783560,The Last Caretaker
1790600,DRAGON BALL: Sparking! ZERO
1962663,Call of Duty®: Warzone™
805550,Assetto Corsa Competizione
2479810,Gray Zone Warfare
1458140,Pacific Drive
4000,Garry's Mod
958520,33 Immortals
3596700,TerraTech Legion
2670630,Supermarket Simulator
1974050,Torchlight: Infinite
1778820,TEKKEN 8
3008130,Dying Light: The Beast
1594320,Captain of Industry
2138720,REMATCH
1643320,S.T.A.L.K.E.R. 2: Heart of Chornobyl
304390,FOR HONOR™
3526710,Everything is Crab: The Animal Evolution Roguelite
590830,s&box
1044720,Farthest Frontier
1285190,Borderlands 4
105600,Terraria
2404880,Car Dealer Simulator
346110,ARK: Survival Evolved
268910,Cuphead
1145350,Hades II
3419520,Quarantine Zone: The Last Check
311210,Call of Duty®: Black Ops III
714010,Aimlabs
892970,Valheim
2904040,Cheap Car Repair
2416450,MOUSE: P.I. For Hire
2272360,"Warhammer 40,000: Dawn of War IV"
3936530,Pro Cycling Manager 26
1913370,OPERATOR
3450310,Europa Universalis V
703080,Planet Zoo
2340520,Tales of Seikyu
2863680,ZERO PARADES: For Dead Spies
761890,Albion Online
632360,Risk of Rain 2
2060160,The Farmer Was Replaced
2625420,Drive Beyond Horizons
513710,SCUM
2379780,Balatro
3483510,The Adventures of Elliot: The Millennium Tales
292030,The Witcher 3: Wild Hunt
1671210,DELTARUNE
212500,The Lord of the Rings Online™
1363080,Manor Lords
767560,War Robots
252530,OMSI 2: Steam Edition
952060,Resident Evil 3
2968420,PowerWash Simulator 2
3219030,Planet Zoo 2
242760,The Forest
410900,Forts
881020,Granblue Fantasy: Relink
4148530,City Transport Simulator 2026
2808550,Sudden Strike 5
1941540,Mafia: The Old Country
1062090,Timberborn
646570,Slay the Spire
1054490,Wingspan
2536520,Diablo II: Resurrected – Infernal Edition
3159330,Assassin’s Creed Shadows
223750,DCS World Steam Edition
3224770,Umamusume: Pretty Derby
599140,Graveyard Keeper
1273400,Construction Simulator
1608070,CRISIS CORE –FINAL FANTASY VII– REUNION
3710840,House Flipper Remastered Collection
2975950,Solasta II
1818450,STALZONE
2114740,Blasphemous 2
1004640,FINAL FANTASY TACTICS - The Ivalice Chronicles
322170,Geometry Dash
784080,MechWarrior 5: Mercenaries
848450,Subnautica: Below Zero
244850,Space Engineers
686060,Mewgenics
2567870,Chained Together
1304930,The Outlast Trials
2739990,Mahjong Soul
1446780,MONSTER HUNTER RISE
291550,Brawlhalla
3280350,DEATH STRANDING 2: ON THE BEACH
3840230,Adorable Adventures
221100,DayZ
4244510,Pratfall
1190000,Car Mechanic Simulator 2021
494840,UBOAT
1374490,RuneScape: Dragonwilds
1217060,Gunfire Reborn
2437170,SMITE 2
814380,Sekiro™: Shadows Die Twice - GOTY Edition
236850,Europa Universalis IV
1966720,Lethal Company
1857950,VEIN
2358720,Black Myth: Wukong
3868320,Forage Wizard
550470,NosTale - Anime MMORPG
251570,7 Days to Die
1631270,StarRupture
780310,The Riftbreaker
1426210,It Takes Two
2255370,Directive 8020
2397300,Half Sword
393380,Squad
3489700,Stellar Blade™
1237950,STAR WARS™ Battlefront™ II
427410,Abiotic Factor
2101960,Cronos: The New Dawn
3405340,Megabonk
2688950,Planet Coaster 2
2827200,MIMESIS
8500,EVE Online
2881650,Content Warning
835570,Conqueror's Blade
2253100,Everwind
2753000,GOALS
1942280,Brotato
2129530,REANIMAL
1794680,Vampire Survivors
979110,Space Haven
1333350,Angel Legion
3314790,CloverPit
880940,Pummel Party
4148240,Road to Empress Ⅱ
4162040,Zenless Zone Zero
1211020,Wobbly Life
2933130,The Lord of the Rings: Return to Moria™
2879840,Escape Simulator 2
1721470,Poppy Playtime
107410,Arma 3
1963610,Road to Vostok
436150,Governor of Poker 3
1030300,Hollow Knight: Silksong
1604030,V Rising
1343070,Call to Arms: Panzer Elite
2552430,KINGDOM HEARTS -HD 1.5+2.5 ReMIX-
3115220,Town to City
2406770,Bodycam
2532480,"Warhammer 40,000: Mechanicus II"
3784030,RACCOIN: Coin Pusher Roguelike
812140,Assassin's Creed® Odyssey
491540,The Bus
427100,Fernbus Simulator
3501070,Car Service Together
24010,Train Simulator Classic
2806050,Halo: Campaign Evolved
2321470,Deep Rock Galactic: Survivor
728880,Overcooked! 2
377160,Fallout 4
2104890,RoadCraft
2878450,Master of Command
4126480,Fishing Inc
3681010,Nioh 3
3858650,Crushed In Time
1601580,Frostpunk 2
3834090,YAPYAP
2057760,Esoteric Ebb
3643170,Roadside Research
238960,Path of Exile
838350,The Scroll of Taiwu : Beyond The Dome
21690,Resident Evil 5
2697000,The Legend of Khiimori
2333480,RAID: Shadow Legends
2075800,STAR WARS Zero Company™
21970,R.U.S.E.™
3079210,Hell Let Loose: Vietnam
1465460,Infection Free Zone
588650,Dead Cells
1013320,Firestone – Idle Clicker Online RPG
2457220,Avowed
2852190,Monster Hunter Stories 3: Twisted Reflection
668580,Atomic Heart
1001270,Kebab Chefs! - Restaurant Simulator
1206560,WorldBox - God Simulator
1681430,RoboCop: Rogue City
2747330,Species: Unknown
753640,Outer Wilds
1527950,Wartales
3509230,Gambonanza
246620,Plague Inc: Evolved
594570,Total War: WARHAMMER II
2261430,LumenTale: Memories of Trey
3198890,Scale the Depths
3110760,Alabaster Dawn
613100,House Flipper
990080,Hogwarts Legacy
916440,Anno 1800
2100280,World of Tanks: HEAT
1331550,Big Ambitions
2201320,Date Everything!
2288340,ACE COMBAT 8: WINGS OF THEVE
535930,Two Point Hospital
219990,Grim Dawn
3917090,Assetto Corsa Rally
2840770,Avatar: Frontiers of Pandora™
2072450,Like a Dragon: Infinite Wealth
2624870,Life is Strange: Reunion
218620,PAYDAY 2
379430,Kingdom Come: Deliverance
1774580,STAR WARS Jedi: Survivor™
1607250,MY HERO ULTRA RUMBLE
2943650,FragPunk
1040200,Crime Scene Cleaner
286160,Tabletop Simulator
3556750,"Warhammer 40,000: Dawn of War - Definitive Edition"
2842040,Star Wars Outlaws
2432860,MENACE
2198150,Tiny Glade
374320,DARK SOULS™ III
1361510,Teenage Mutant Ninja Turtles: Shredder's Revenge
1888930,The Last of Us™ Part I
2215430,Ghost of Tsushima DIRECTOR'S CUT
1689500,Dune: Imperium
1602000,Hotel Architect
3732960,Rest Area Simulator
976730,Halo: The Master Chief Collection
4069520,Super Battle Golf
3061570,Persona5: The Phantom X
2373990,Solo Leveling: ARISE OVERDRIVE
546560,Half-Life: Alyx
1105420,Game of Thrones Winter is Coming
1611600,WARNO
2353060,Invincible VS
934700,Dead Island 2
211500,RaceRoom Racing Experience
2461850,Hellblade II: Senua’s Saga
2531310,The Last of Us™ Part II Remastered
1971870,Mortal Kombat 1
602960,Barotrauma
2737070,Crime Simulator
2155180,Pioneers of Pagonia
601150,Devil May Cry 5
3061810,Like a Dragon: Pirate Yakuza in Hawaii
756800,Contraband Police
1850570,DEATH STRANDING DIRECTOR'S CUT
1229490,ULTRAKILL
221040,Resident Evil 6
1637320,Dome Keeper
625960,Stoneshard
784150,Workers & Resources: Soviet Republic
1106840,Hydroneer
1282270,Strinova
1547000,Grand Theft Auto: San Andreas – The Definitive Edition
2769570,Fable
1369700,Solar Expanse - Space Exploration Manager
851850,DRAGON BALL Z: KAKAROT
410340,Liftoff®: FPV Drone Racing
1995520,Pax Dei
3058630,Assetto Corsa EVO
3819640,Megastore Simulator
364360,Total War: WARHAMMER
359870,FINAL FANTASY X/X-2 HD Remaster
3199170,Blood Strike
1332010,Stray
1663850,REPLACED
2138710,Sifu
3097560,Liar's Bar
367520,Hollow Knight
502500,ACE COMBAT™ 7: SKIES UNKNOWN
2000950,Call of Duty®: Modern Warfare®
2322010,God of War Ragnarök
1248130,Farming Simulator 22
655500,MX Bikes
3009300,Teamfight Manager 2
548430,Deep Rock Galactic
3609080,StarSavior
1145360,Hades
386180,Crossout
3367430,Battleship Command
2623190,The Elder Scrolls IV: Oblivion Remastered
3981100,Leaf it Alone
397540,Borderlands 3
993090,Lossless Scaling
2072560,DRAGON BALL GEKISHIN SQUADRA
620980,Beat Saber
3542380,Rune Dice
1687950,Persona 5 Royal
2830030,MOTORSLICE
2095420,Bus Bound
1757300,Jump Space
3681810,Blue Protocol: Star Resonance
690830,Foundation
4160210,The Artisan of Glimmith
1369670,Motor Town: Behind The Wheel
2277560,WUCHANG: Fallen Feathers
4304930,Chef Knight
669330,Mechabellum
29720,Guild Wars® Reforged
288470,Fable Anniversary
3972320,Loot Loop
359320,Elite Dangerous
4630570,RUNNING TRAIN | 走ル列車！
570940,DARK SOULS™: REMASTERED
435150,Divinity: Original Sin 2 - Definitive Edition
2988580,Yakuza 0 Director's Cut
3717070,WWE 2K26
2499860,DRAGON QUEST VII Reimagined
2784470,9 Kings
3017860,DOOM: The Dark Ages
1676840,For The King II
2698420,Restore Your Island
619820,Heroes of Hammerwatch II
2742830,Monster Train 2
637650,FINAL FANTASY XV WINDOWS EDITION
3219180,Cursemark
438040,Shakes and Fidget
3875050,MotoGP™26
454650,DRAGON BALL XENOVERSE 2
589290,Holdfast: Nations At War
2651280,Marvel's Spider-Man 2
1385380,Across the Obelisk
2683150,Ale & Tale Tavern
4104440,Dragon Traveler
1139980,Travellers Rest
2582320,Mixtape
1092790,Inscryption
2753900,The King is Watching
202970,Call of Duty®: Black Ops II
2748340,Goblin Cleanup
1815780,Asphalt Legends
2914150,Yunyun Syndrome!? Rhythm Psychosis
1593500,God of War
2225070,Trackmania
2569670,Farmer's Dynasty 2
1154030,Titan Quest II
595520,FINAL FANTASY XII THE ZODIAC AGE
2161700,Persona 3 Reload
12210,Grand Theft Auto IV: The Complete Edition
1659420,UNCHARTED™: Legacy of Thieves Collection
489630,"Warhammer 40,000: Gladius - Relics of War"
1621690,Core Keeper
2474770,Momento
4746070,Eldara
2140020,Stronghold: Definitive Edition
99900,Spiral Knights
3375780,Trails in the Sky 1st Chapter
451340,Gold Mining Simulator
1649080,Two Point Campus
2208920,Assassin's Creed Valhalla
678950,DRAGON BALL FighterZ
1682970,Uncrashed : FPV Drone Simulator
3052450,Morimens
2778610,Over The Top: WWI
1290000,PowerWash Simulator
933110,Age of Empires III: Definitive Edition
1133870,Space Engineers 2
214950,Total War: ROME II - Emperor Edition
1669480,Firefighting Simulator: Ignite
4135750,FEED THE QUEEN
2904000,The Spell Brigade
3558670,Tomb Raider: Legacy of Atlantis
2119830,MISERY
1030840,Mafia: Definitive Edition
996580,Spyro™ Reignited Trilogy
1272080,PAYDAY 3
2835570,Buckshot Roulette
2245620,Tangy TD
2016590,Dark and Darker
2947440,SILENT HILL f
2495100,Hello Kitty Island Adventure
339340,Resident Evil 0
1577120,The Quarry
1119730,"Ranch Simulator: Build, Hunt, Farm"
2384580,DYNASTY WARRIORS: ORIGINS
550,Left 4 Dead 2
2378900,The Coffin of Andy and Leyley
1455840,Dorfromantik
1573360,Infinity Kingdom
983870,FOUNDRY
2866670,NBA THE RUN
2853730,Skull and Bones
391540,Undertale
285900,Gang Beasts
1096530,Solasta: Crown of the Magister
1569580,Blue Prince
1435790,Escape Simulator
2487300,Docked
3293260,Waterpark Simulator
629730,Blade and Sorcery
3156770,Witchfire
606160,ROUTINE
1366540,Dyson Sphere Program
2070270,Cloudheim
1969810,Enter the Chronosphere
1222140,Detroit: Become Human
1454370,STARSEEKER: Astroneer Expeditions
1238840,Battlefield™ 1
1649240,Returnal™
588430,Fallout Shelter
1244090,Sea of Stars: Sunset Edition
1259420,Days Gone
3242950,Outworld Station
2331020,Tales of Berseria Remastered
2069310,RealFlight Evolution
799960,Wizard101
573090,Stormworks: Build and Rescue
3478050,Road to Empress I
815370,Green Hell
2524890,Pixel Gun 3D: PC Edition
3562120,Magical Princess
2819520,Viking Rise
2916430,Fast Food Simulator
3950020,Duet Night Abyss
1677110,Lightyear Frontier
2698940,The Crew Motorfest
1066780,Transport Fever 2
3690030,The Last Gas Station
2543830,Way of the Hunter 2
631510,Devil May Cry HD Collection
2799860,INAZUMA ELEVEN: Victory Road
3894440,NO BACKUP
495420,State of Decay 2: Juggernaut Edition
289650,Assassin's Creed® Unity
1809540,Nine Sols
219740,Don't Starve
698670,Scorn
920210,LEGO® Star Wars™: The Skywalker Saga
867210,Songs of Conquest
3929630,Terrinoth®: Heroes of Descent
1674200,Alaska Gold Fever
3167020,Escape From Duckov
220240,Far Cry 3
3700980,How to Make an Atomic Bomb in Your Garden
230290,Universe Sandbox
460930,Tom Clancy's Ghost Recon® Wildlands
1702010,Sengoku Dynasty
699130,World War Z
1449110,The Outer Worlds 2
1384160,GUILTY GEAR -STRIVE-
2627570,Goofy Gorillas
1617400,The Bazaar
2426530,Nova Roma
3639650,Kotama and Academy Citadel
2307350,Into the Radius 2
2058190,Lost Judgment
1597080,Killer Bean
2584990,Shadowverse: Worlds Beyond
493490,City Car Driving
1335200,Action Taimanin
2157830,John Carpenter's Toxic Commando
1222680,Need for Speed™ Heat
2071280,Ravenswatch
620,Portal 2
2211170,Unrailed 2: Back on Track
2026820,Die in the Dungeon
1295500,"Warhammer 40,000: Battlesector"
899770,Last Epoch
2009350,Out of Ore
1486920,Tempest Rising
1588550,Cairn
2893570,DRAGON QUEST I & II HD-2D Remake
2294660,The Quinfall
1239080,Door Kickers 2: Task Force North
4194800,Starvester
1645820,SurrounDead
740130,Tales of ARISE
2964090,World of Warships: Legends
2325290,Sky: Children of the Light
641320,Cooking Simulator
3864450,Goblin Company
1479730,Commandos: Origins
2488370,Cash Cleaner Simulator
2203070,Dragonheir: Silent Gods
2489330,Whiskerwood
2445690,Lost Castle 2
1260320,Party Animals
3119540,Scriptorium: Master of Manuscripts
327070,Gloria Victis: Medieval MMORPG
3180070,"No, I'm not a Human"
2840470,SimplePlanes 2
293760,Automation - The Car Company Tycoon Game
2369390,Far Cry® 6
2815070,RIDE 6
3100370,Black Jacket
1164940,Trepang2
2440510,Forza Motorsport
1325200,Nioh 2 – The Complete Edition
412020,Metro Exodus
2427700,Backpack Battles
3654560,Plants vs. Zombies™: Replanted
3953520,MU: Dark Epoch
2014780,X-Plane 12
365360,Battle Brothers
1898300,ASKA
492720,Tropico 6
1997040,MARVEL SNAP
1029780,Going Medieval
552500,Warhammer: Vermintide 2
4466620,SiNiSistar 2
1866130,Morbid Metal
735280,EMERGENCY 20
3833760,You Know The Drill
3123410,Atelier Yumia: The Alchemist of Memories & the Envisioned Land
3308670,GIRLS' FRONTLINE 2: EXILIUM
49520,Borderlands 2
960170,DJMAX RESPECT V
10180,Call of Duty®: Modern Warfare® 2 (2009)
1824220,Chivalry 2
559650,Witch It
371970,Barony
2223840,The Casting of Frank Stone™
4220440,Space Aces
109600,Neverwinter
3583210,Crashout Crew
2073250,Rift of the NecroDancer
3354750,skate.
961200,Predecessor
2677660,Indiana Jones and the Great Circle
361420,ASTRONEER
2231380,Tom Clancy's Ghost Recon® Breakpoint
521890,Hello Neighbor
1057090,Ori and the Will of the Wisps
1620730,Hell is Us
2417470,Beastro
975370,Dwarf Fortress
1641960,Forever Skies
4329260,Substance 3D Painter 2026
3256150,Moomintroll: Winter's Warmth
2239710,Into the Dead: Our Darkest Days
4216650,Tennis Manager 26
2763740,Revolution Idle
2205850,"Dwarves: Glory, Death and Loot"
997010,Police Simulator: Patrol Officers
2103140,Magicraft
1940340,Darkest Dungeon® II
431730,Aseprite
2444750,Shape of Dreams
2385530,PGA TOUR 2K25
1121640,The Wandering Village
750920,Shadow of the Tomb Raider: Definitive Edition
1366800,Crosshair X
2407270,AI LIMIT
233450,Prison Architect
314650,SpaceEngine
47890,The Sims™ 3
2246670,Tales of Xillia Remastered
1222700,A Way Out
2208570,Dark Hours
3398110,The Walking Trade
1172380,STAR WARS Jedi: Fallen Order™
4584110,Soul Land: Awakening World
601510,Yu-Gi-Oh! Duel Links
3341000,Thick As Thieves
1341290,We Were Here Forever
4173620,I Know a Guy: Shady Life Simulator
2124490,SILENT HILL 2
611790,House Party
2897580,Idle Hero TD - Tower Defense
3144230,Modern Warships
2582140,Seafarer: The Ship Sim
3523750,Down with the Ship
774361,Blasphemous
2133760,Tiny Bookshop
1128810,RISK: Global Domination
4064510,MOLE
3937550,Yakuza Kiwami 3 & Dark Ties
2201940,Ship Graveyard Simulator 2
1430190,Killing Floor 3
304240,Resident Evil
1922560,Plants vs. Zombies™ Garden Warfare 2: Deluxe Edition
2423760,Above the Snow
2379740,Wizardry Variants Daphne
1985810,Call of Duty®: Black Ops Cold War
1585180,Drova - Forsaken Kin
65540,Gothic 1
311690,Enter the Gungeon
3601800,Meltopia
824270,KovaaK's
976310,Mortal Kombat 11
2599690,Better Than Dead
2091020,Blades of Fire
1096900,RPG Maker MZ
1173820,FINAL FANTASY VI
779340,Total War: THREE KINGDOMS
3215050,Surviving Mars: Relaunched
835960,The Talos Principle 2
1902960,Lost Records: Bloom & Rage
208650,Batman™: Arkham Knight
3669570,Alchemy Factory
1657630,Slime Rancher 2
653530,Return of the Obra Dinn
1030830,Mafia II: Definitive Edition
3708070,Campsite Hustle! - Management Simulator
1817070,Marvel’s Spider-Man Remastered
1114150,CarX Street
2966320,Starsand Island
335300,DARK SOULS™ II: Scholar of the First Sin
4170200,Data Center
508440,Totally Accurate Battle Simulator
2356780,Dungeon Clawler
1432860,Sun Haven
1159690,Voidtrain
632470,Disco Elysium - The Final Cut
233860,Kenshi
976590,Bus Simulator 21 Next Stop
2707070,SubwaySim 2
1358700,STRANGER OF PARADISE FINAL FANTASY ORIGIN
3258290,Equinox: Homecoming
1235140,Yakuza: Like a Dragon
588030,Derail Valley
32470,STAR WARS™ Empire at War - Gold Pack
767320,Granblue Fantasy
360430,Mafia III: Definitive Edition
2627260,NINJA GAIDEN 4
953490,CARRION
1649950,News Tower
488790,South Park™: The Fractured But Whole™
3092660,Reverse: 1999
2464530,VOIN
702320,March of Empires
307960,IL-2 Sturmovik: Battle of Stalingrad
2634950,Tokyo Xtreme Racer
1816640,Modern Naval Warfare
3214610,Cinderia
1062520,Dinkum
2289750,Super Fantasy Kingdom
1388770,Cruelty Squad
4286550,Keep on Mining! - Worlds
4283360,Legionbound
4262310,All Hail the Orb
3602570,Horsey Game
2934220,Monsters are Coming!
3483740,Cast n Chill
3370870,Berry Bury Berry
3976500,The Spotter: Dig or Die
2101390,Lost and Found Co.
2308690,Ground of Aces
3069050,Serpent's Gaze
1049590,Eternal Return
552520,Far Cry® 5
1149620,Gas Station Simulator
1593030,Terra Nil
377840,FINAL FANTASY IX
1933000,Luna Abyss
1392860,Little Nightmares III
436780,Tavern Keeper 🍻
4491360,The 7th Guest Remake
544810,KARDS - The WW2 Card Game
681280,Descenders
3565020,Mad Television Tycoon
1041320,Lords Mobile: Kingdom Wars
965580,Root
1243830,Overcooked! All You Can Eat
1059220,'83
42680,Call of Duty®: Modern Warfare® 3 (2011)
1336490,Against the Storm
375530,"Football, Tactics & Glory"
2674290,Kings Call
1203190,Wreckfest 2
641990,The Escapists 2
977400,Cell to Singularity - Evolution Never Ends
785770,Emergency Call 112 – The Fire Fighting Simulation 2
2626940,Life Makeover
3887090,Airport Baggage Simulator
3199360,Skull Horde
39510,Gothic II: Gold Edition
2420110,Horizon Forbidden West™ Complete Edition
2669320,EA SPORTS FC™ 25
3618030,Flock Around
4271160,Zero Stress King: Idle Defense
8930,Sid Meier's Civilization® V
2467810,Orebound
2738490,Sol Cesto
2362060,CODE VEIN II
1182900,A Plague Tale: Requiem
3373660,Look Outside
1124300,HUMANKIND™
2124120,SULFUR
2679460,Metaphor: ReFantazio
633230,NARUTO TO BORUTO: SHINOBI STRIKER
231430,Company of Heroes 2
269210,Hero Siege
2918150,ONE PIECE Bounty Rush
1857080,The Last Starship
1240440,Halo Infinite
1766060,HumanitZ
1281630,Anno 1404 - History Edition
2066020,Soulstone Survivors
3008740,Winter Burrow
3478870,GeoGuessr Steam Edition
329110,Gems of War - Puzzle RPG
4086760,Arcane Merchant
2806640,The Talos Principle: Reawakened
3634520,Samson
2475460,SOS OPS!
3762660,Trials Survivors
392110,ENDLESS Space™ 2
1340990,Rise of the Ronin
2963950,Persona 4 Revival
1599600,PlateUp!
1934570,South of Midnight
3467040,Bookshop Simulator
32510,LEGO® Star Wars™ III - The Clone Wars™
1135690,Unpacking
2982610,Stonemachia
582160,Assassin's Creed® Origins
1604270,Broken Arrow
287290,Resident Evil Revelations 2
1389990,Oblivity - Find your perfect Sensitivity
223850,3DMark
3744430,Together: Moon Escape
2764750,The Other Side
2116120,Incursion Red River
1202130,Starship Troopers: Terran Command
443110,Armored Warfare
3660220,Syberia - Remastered
3498270,Better Mart Simulator
200210,Realm of the Mad God Exalt
1592190,BONELAB
4409870,Slots & Diapers
2669410,Metro Awakening
1056640,Phantasy Star Online 2 New Genesis
2486820,Sonic Racing: CrossWorlds
32440,LEGO® Star Wars™ - The Complete Saga
768200,Smalland: Survive the Wilds
319630,Life is Strange - Episode 1
3136330,Tiny Terraces
222480,Resident Evil Revelations
3582250,Farm to Table
678960,CODE VEIN
1295510,DRAGON QUEST® XI S: Echoes of an Elusive Age™ - Definitive Edition
424840,Little Nightmares
552100,Brick Rigs
2142790,Fields of Mistria
356190,Middle-earth™: Shadow of War™
3165650,Masters of Albion
268500,XCOM® 2
881100,Noita
1150640,Yu-Gi-Oh! Legacy of the Duelist : Link Evolution
476600,Call of Duty®: WWII
4249120,Resident Evil 3 Nemesis (1999)
538030,Xenonauts 2
1272320,Diplomacy is Not an Option
1213210,Command & Conquer™ Remastered Collection
666150,Prehistoric Kingdom
2417610,METAL GEAR SOLID Δ: SNAKE EATER
2509200,ERA ONE
3035120,Is This Seat Taken?
870780,CONTROL Ultimate Edition
1644320,Railway Empire 2
3717330,Yakuza Kiwami
629520,Soundpad
2686630,Voyagers of Nera
1184370,Pathfinder: Wrath of the Righteous - Enhanced Edition
2058730,The Darkest Files
2471100,Unnamed Space Idle
1911610,Windblown
1324780,Easy Red 2
1084600,My Time at Sandrock
307780,Mortal Kombat X
2885870,Strange Antiquities
4015530,MyVoiceZoo
701160,Kingdom Two Crowns
3622640,Vending Machine Co.
329050,Devil May Cry 4 Special Edition
2530980,Tales of Graces f Remastered
3300800,HER TREES : PUZZLE DREAM
